{
  "vertices": [
    [
      -0.502732,
      -0.502732,
      0.502732
    ],
    [
      -0.502732,
      0.502732,
      0.502732
    ],
    [
      -0.502732,
      -0.502732,
      -0.502732
    ],
    [
      -0.502732,
      0.502732,
      -0.502732
    ],
    [
      0.502732,
      -0.502732,
      0.502732
    ],
    [
      0.502732,
      0.502732,
      0.502732
    ],
    [
      0.502732,
      -0.502732,
      -0.502732
    ],
    [
      0.502732,
      0.502732,
      -0.502732
    ]
  ],
  "faces": [
    [
      2,
      6,
      4
    ],
    [
      2,
      4,
      0
    ],
    [
      6,
      7,
      5
    ],
    [
      6,
      5,
      4
    ],
    [
      7,
      3,
      1
    ],
    [
      7,
      1,
      5
    ],
    [
      4,
      5,
      1
    ],
    [
      4,
      1,
      0
    ],
    [
      0,
      1,
      3
    ],
    [
      0,
      3,
      2
    ],
    [
      2,
      3,
      7
    ],
    [
      2,
      7,
      6
    ]
  ]
}
